{
  "random_forest": {
    "accuracy": 0.7547346709169324,
    "time": 0.507436990737915
  },
  "gradient_boosting": {
    "accuracy": 0.7522970185636603,
    "time": 2.76961350440979
  },
  "mlp": {
    "accuracy": 0.748171760735046,
    "time": 3.5536773204803467
  }
}